<?xml version="1.0" encoding="UTF-8"?>
<root>
  <item name="com.googlecode.leptonica.android.Constants.SortBy">
    <annotation name="androidx.annotation.IntDef">
      <val name="value" val="{com.googlecode.leptonica.android.Constants.L_SORT_BY_X, com.googlecode.leptonica.android.Constants.L_SORT_BY_Y, com.googlecode.leptonica.android.Constants.L_SORT_BY_WIDTH, com.googlecode.leptonica.android.Constants.L_SORT_BY_HEIGHT, com.googlecode.leptonica.android.Constants.L_SORT_BY_MIN_DIMENSION, com.googlecode.leptonica.android.Constants.L_SORT_BY_MAX_DIMENSION, com.googlecode.leptonica.android.Constants.L_SORT_BY_PERIMETER, com.googlecode.leptonica.android.Constants.L_SORT_BY_ASPECT_RATIO}" />
    </annotation>
  </item>
  <item name="com.googlecode.leptonica.android.Constants.SortOrder">
    <annotation name="androidx.annotation.IntDef">
      <val name="value" val="{com.googlecode.leptonica.android.Constants.L_SORT_INCREASING, com.googlecode.leptonica.android.Constants.L_SORT_DECREASING}" />
    </annotation>
  </item>
  <item name="com.googlecode.leptonica.android.Constants.StorageFlag">
    <annotation name="androidx.annotation.IntDef">
      <val name="value" val="{com.googlecode.leptonica.android.Constants.L_INSERT, com.googlecode.leptonica.android.Constants.L_COPY, com.googlecode.leptonica.android.Constants.L_CLONE}" />
    </annotation>
  </item>
  <item name="com.googlecode.leptonica.android.Edge com.googlecode.leptonica.android.Pix pixSobelEdgeFilter(com.googlecode.leptonica.android.Pix, int) 1">
    <annotation name="androidx.annotation.IntDef">
      <val name="value" val="{com.googlecode.leptonica.android.Edge.L_HORIZONTAL_EDGES, com.googlecode.leptonica.android.Edge.L_VERTICAL_EDGES, com.googlecode.leptonica.android.Edge.L_ALL_EDGES}" />
    </annotation>
  </item>
  <item name="com.googlecode.leptonica.android.Edge.EdgeOrientationFlag">
    <annotation name="androidx.annotation.IntDef">
      <val name="value" val="{com.googlecode.leptonica.android.Edge.L_HORIZONTAL_EDGES, com.googlecode.leptonica.android.Edge.L_VERTICAL_EDGES, com.googlecode.leptonica.android.Edge.L_ALL_EDGES}" />
    </annotation>
  </item>
  <item name="com.googlecode.leptonica.android.MorphApp com.googlecode.leptonica.android.Pix pixFastTophat(com.googlecode.leptonica.android.Pix, int, int, int) 3">
    <annotation name="androidx.annotation.IntDef">
      <val name="value" val="{com.googlecode.leptonica.android.MorphApp.L_TOPHAT_BLACK, com.googlecode.leptonica.android.MorphApp.L_TOPHAT_WHITE}" />
    </annotation>
  </item>
  <item name="com.googlecode.leptonica.android.MorphApp com.googlecode.leptonica.android.Pix pixTophat(com.googlecode.leptonica.android.Pix, int, int, int) 3">
    <annotation name="androidx.annotation.IntDef">
      <val name="value" val="{com.googlecode.leptonica.android.MorphApp.L_TOPHAT_BLACK, com.googlecode.leptonica.android.MorphApp.L_TOPHAT_WHITE}" />
    </annotation>
  </item>
  <item name="com.googlecode.leptonica.android.MorphApp.TophatType">
    <annotation name="androidx.annotation.IntDef">
      <val name="value" val="{com.googlecode.leptonica.android.MorphApp.L_TOPHAT_BLACK, com.googlecode.leptonica.android.MorphApp.L_TOPHAT_WHITE}" />
    </annotation>
  </item>
  <item name="com.googlecode.leptonica.android.Pixa com.googlecode.leptonica.android.Pixa sort(int, int) 0">
    <annotation name="androidx.annotation.IntDef">
      <val name="value" val="{com.googlecode.leptonica.android.Constants.L_SORT_BY_X, com.googlecode.leptonica.android.Constants.L_SORT_BY_Y, com.googlecode.leptonica.android.Constants.L_SORT_BY_WIDTH, com.googlecode.leptonica.android.Constants.L_SORT_BY_HEIGHT, com.googlecode.leptonica.android.Constants.L_SORT_BY_MIN_DIMENSION, com.googlecode.leptonica.android.Constants.L_SORT_BY_MAX_DIMENSION, com.googlecode.leptonica.android.Constants.L_SORT_BY_PERIMETER, com.googlecode.leptonica.android.Constants.L_SORT_BY_ASPECT_RATIO}" />
    </annotation>
  </item>
  <item name="com.googlecode.leptonica.android.Pixa com.googlecode.leptonica.android.Pixa sort(int, int) 1">
    <annotation name="androidx.annotation.IntDef">
      <val name="value" val="{com.googlecode.leptonica.android.Constants.L_SORT_INCREASING, com.googlecode.leptonica.android.Constants.L_SORT_DECREASING}" />
    </annotation>
  </item>
  <item name="com.googlecode.leptonica.android.Pixa void add(com.googlecode.leptonica.android.Pix, com.googlecode.leptonica.android.Box, int) 2">
    <annotation name="androidx.annotation.IntDef">
      <val name="value" val="{com.googlecode.leptonica.android.Constants.L_INSERT, com.googlecode.leptonica.android.Constants.L_COPY, com.googlecode.leptonica.android.Constants.L_CLONE}" />
    </annotation>
  </item>
  <item name="com.googlecode.leptonica.android.Pixa void addBox(com.googlecode.leptonica.android.Box, int) 1">
    <annotation name="androidx.annotation.IntDef">
      <val name="value" val="{com.googlecode.leptonica.android.Constants.L_INSERT, com.googlecode.leptonica.android.Constants.L_COPY, com.googlecode.leptonica.android.Constants.L_CLONE}" />
    </annotation>
  </item>
  <item name="com.googlecode.leptonica.android.Pixa void addPix(com.googlecode.leptonica.android.Pix, int) 1">
    <annotation name="androidx.annotation.IntDef">
      <val name="value" val="{com.googlecode.leptonica.android.Constants.L_INSERT, com.googlecode.leptonica.android.Constants.L_COPY, com.googlecode.leptonica.android.Constants.L_CLONE}" />
    </annotation>
  </item>
</root>

